start time,end time,FPS,frames,Time(S),max time(ms),waiting time(S),wait times,A,B,C,D,score,TX,app,Surface
254117.656653,254118.506171,56.5,48,0.85,33.359,0,0,0,0,0,5,96.5,0,com.huawei.android.launcher,"com.huawei.android.launcher/com.huawei.android.launcher.unihome.UniHomeLauncher#0"
254118.506171,254119.506582,59,59,1,33.289,0,0,0,0,0,4,99,0,com.huawei.android.launcher,"com.huawei.android.launcher/com.huawei.android.launcher.unihome.UniHomeLauncher#0"
254119.506582,254120.506821,56,56,1,33.44,0,0,0,0,0,0,96,0,com.huawei.android.launcher,"com.huawei.android.launcher/com.huawei.android.launcher.unihome.UniHomeLauncher#0"
254120.506821,254121.507008,39,39,1,166.707,0,0,2,1,0,1,70.3,0,com.huawei.android.launcher,"com.huawei.android.launcher/com.huawei.android.launcher.unihome.UniHomeLauncher#0"
254121.123586,254122.023725,42.2,38,0.9,216.565,0,0,1,1,0,4,70.99,0,com.huawei.android.launcher,"com.huawei.intelligent.Workspace#0"
254121.507008,254122.507057,34,34,1,383.365,0,0,1,0,1,2,58.83,0,com.huawei.android.launcher,"com.huawei.android.launcher/com.huawei.android.launcher.unihome.UniHomeLauncher#0"
254122.023725,254123.374302,57.5,47,0.817,33.333,0.533,1,0,0,0,4,97.5,0,com.huawei.android.launcher,"com.huawei.intelligent.Workspace#0"
254122.507057,254124.508097,58.2,67,1.15,33.299,0.851,1,0,0,0,4,98.2,0,com.huawei.android.launcher,"com.huawei.android.launcher/com.huawei.android.launcher.unihome.UniHomeLauncher#0"
254124.508097,254125.524637,59,60,1.017,33.362,0,0,0,0,0,2,99,0,com.huawei.android.launcher,"com.huawei.android.launcher/com.huawei.android.launcher.unihome.UniHomeLauncher#0"
254125.524637,254126.524848,60,60,1,16.967,0,0,0,0,0,4,100,0,com.huawei.android.launcher,"com.huawei.android.launcher/com.huawei.android.launcher.unihome.UniHomeLauncher#0"
254126.524848,254127.525092,45,45,1,150.035,0,0,2,0,0,4,77.89,0,com.huawei.android.launcher,"com.huawei.android.launcher/com.huawei.android.launcher.unihome.UniHomeLauncher#0"
254127.525092,254128.558578,42.6,44,1.033,150.083,0,0,2,0,1,6,75.4,0,com.huawei.android.launcher,"com.huawei.android.launcher/com.huawei.android.launcher.unihome.UniHomeLauncher#0"
254128.558578,254129.558917,47,47,1,133.329,0,0,1,2,0,5,81.49,0,com.huawei.android.launcher,"com.huawei.android.launcher/com.huawei.android.launcher.unihome.UniHomeLauncher#0"
254129.558917,254130.509167,46.3,44,0.95,116.8,0,0,2,0,0,3,82.97,0,com.huawei.android.launcher,"com.huawei.android.launcher/com.huawei.android.launcher.unihome.UniHomeLauncher#0"
254103.342747,254133.392566,33.2,41,1.234,450.193,28.816,19,1,2,1,8,56.98,0,com.huawei.android.launcher,"StatusBar#0"
254133.392566,254135.426197,34,34,1,433.356,1.033,1,1,0,0,3,58.32,0,com.huawei.android.launcher,"StatusBar#0"
254130.509167,254136.426828,46.8,25,0.534,116.749,5.384,4,1,0,0,8,83.53,0,com.huawei.android.launcher,"com.huawei.android.launcher/com.huawei.android.launcher.unihome.UniHomeLauncher#0"
254136.426828,254137.377184,34.7,33,0.95,266.774,0,0,2,1,0,3,61.38,0,com.huawei.android.launcher,"com.huawei.android.launcher/com.huawei.android.launcher.unihome.UniHomeLauncher#0"
254137.377184,254138.477900,23.6,26,1.101,433.46,0,0,3,1,0,4,46.79,0,com.huawei.android.launcher,"com.huawei.android.launcher/com.huawei.android.launcher.unihome.UniHomeLauncher#0"
254121.073584,254141.077977,28.2,32,1.134,450.039,18.871,4,1,1,1,16,52.02,1,com.huawei.android.launcher,"com.huawei.android.launcher/com.huawei.android.launcher.unihome.UniHomeLauncher#0"
254138.477900,254141.011384,14.7,22,1.501,431.523,1.033,1,5,1,0,7,36.74,0,com.huawei.android.launcher,"com.huawei.android.launcher/com.huawei.android.launcher.unihome.UniHomeLauncher#0"
254141.244793,254142.362109,35.8,40,1.117,417.034,0,0,1,1,0,5,60.17,0,com.tencent.qqlive,"com.tencent.qqlive/com.tencent.qqlive.ona.activity.SplashHomeActivity#0"
254141.111397,254142.395448,46.1,30,0.651,166.737,0.634,1,1,0,0,16,77.76,1,com.tencent.qqlive,"com.tencent.qqlive/com.tencent.qqlive.ona.activity.SplashHomeActivity#0"
254141.211422,254143.846460,56.2,30,0.534,50.058,2.101,1,0,1,0,7,95.97,0,com.tencent.qqlive,"StatusBar#0"
254142.362109,254144.563489,22.6,29,1.284,450.13,0.918,1,1,6,0,12,45.25,0,com.tencent.qqlive,"com.tencent.qqlive/com.tencent.qqlive.ona.activity.SplashHomeActivity#0"
254144.563489,254146.580539,32.7,66,2.017,465.865,0,0,3,5,0,15,56.01,0,com.tencent.qqlive,"com.tencent.qqlive/com.tencent.qqlive.ona.activity.SplashHomeActivity#0"
254146.580539,254147.614421,40.6,42,1.034,266.854,0,0,1,1,0,9,67.69,0,com.tencent.qqlive,"com.tencent.qqlive/com.tencent.qqlive.ona.activity.SplashHomeActivity#0"
254142.395448,254147.347619,56.5,33,0.584,50.004,4.368,3,0,1,0,4,96.29,1,com.tencent.qqlive,"com.tencent.qqlive/com.tencent.qqlive.ona.activity.SplashHomeActivity#0"
254147.614421,254149.615613,27,54,2.001,100.075,0,0,1,19,0,20,64.34,0,com.tencent.qqlive,"com.tencent.qqlive/com.tencent.qqlive.ona.activity.SplashHomeActivity#0"
254149.615613,254150.666114,46.6,49,1.051,83.582,0,0,0,4,0,6,86.03,0,com.tencent.qqlive,"com.tencent.qqlive/com.tencent.qqlive.ona.activity.SplashHomeActivity#0"
254150.666114,254152.183146,17.8,27,1.517,116.69,0,0,1,16,0,15,50.42,0,com.tencent.qqlive,"com.tencent.qqlive/com.tencent.qqlive.ona.activity.SplashHomeActivity#0"
254152.500151,254153.733877,38.1,47,1.234,199.814,0,0,2,2,0,14,67.39,0,com.tencent.qqlive,"com.tencent.qqlive/com.tencent.qqlive.ona.activity.VideoDetailActivity#0"
254153.733877,254154.484071,38.7,29,0.75,266.692,0,0,1,0,0,6,65.85,0,com.tencent.qqlive,"com.tencent.qqlive/com.tencent.qqlive.ona.activity.VideoDetailActivity#0"
254153.183582,254155.750800,19.8,39,1.967,316.803,0.6,1,3,15,2,28,42.5,0,com.tencent.qqlive,"SurfaceView - com.tencent.qqlive/com.tencent.qqlive.ona.activity.VideoDetailActivity#0"
254155.750800,254156.801214,23.8,25,1.05,83.466,0,0,0,8,3,25,61.2,0,com.tencent.qqlive,"SurfaceView - com.tencent.qqlive/com.tencent.qqlive.ona.activity.VideoDetailActivity#0"
254154.484071,254157.684769,16.6,24,1.45,466.388,1.751,2,3,0,0,6,39.64,0,com.tencent.qqlive,"com.tencent.qqlive/com.tencent.qqlive.ona.activity.VideoDetailActivity#0"
254156.801214,254158.785820,19.7,39,1.985,216.804,0,0,3,11,3,35,45.95,0,com.tencent.qqlive,"SurfaceView - com.tencent.qqlive/com.tencent.qqlive.ona.activity.VideoDetailActivity#0"
254157.684769,254159.786195,31.9,49,1.534,450.331,0.567,1,2,0,0,7,55.93,0,com.tencent.qqlive,"com.tencent.qqlive/com.tencent.qqlive.ona.activity.VideoDetailActivity#0"
254159.786195,254160.586708,47.5,38,0.801,167.085,0,0,1,0,0,6,79.21,0,com.tencent.qqlive,"com.tencent.qqlive/com.tencent.qqlive.ona.activity.VideoDetailActivity#0"
254152.249845,254161.103623,26.4,22,0.834,366.835,8.02,1,1,2,0,9,50.76,1,com.tencent.qqlive,"com.tencent.qqlive/com.tencent.qqlive.ona.activity.VideoDetailActivity#0"
254142.412125,254160.986908,60,22,0.366,16.934,18.208,1,0,0,0,2,100,1,com.tencent.qqlive,"com.huawei.android.FloatTasks.views.FloatView#0"
254142.678878,254161.820771,60,34,0.567,16.831,18.575,2,0,0,0,3,100,0,com.tencent.qqlive,"com.huawei.android.FloatTasks.views.FloatView#0"
254152.183146,254162.304397,32.6,38,1.167,366.916,8.954,1,1,3,1,7,57.16,0,com.tencent.qqlive,"com.tencent.qqlive/com.tencent.qqlive.ona.activity.SplashHomeActivity#0"
254139.144181,254162.787966,52,26,0.5,83.403,23.144,1,0,1,0,2,91.73,1,com.huawei.android.launcher,"com.huawei.android.FloatTasks.views.FloatView#0"
254141.011384,254163.871909,51.5,49,0.951,100.036,21.91,1,1,0,0,15,91.29,0,com.huawei.android.launcher,"com.huawei.android.launcher/com.huawei.android.launcher.unihome.UniHomeLauncher#0"
254163.871909,254165.039260,24.8,29,1.167,333.558,0,0,3,2,0,7,49.28,0,com.huawei.android.launcher,"com.huawei.android.launcher/com.huawei.android.launcher.unihome.UniHomeLauncher#0"
254166.306626,254168.306658,19.4,23,1.183,450.036,0.817,1,4,1,1,16,41.67,0,com.netease.onmyoji.huawei,"com.netease.onmyoji.huawei/com.netease.onmyoji.Client#0"
254165.923031,254169.906704,51.8,38,0.734,83.341,3.25,2,0,1,0,24,91.62,1,com.netease.onmyoji.huawei,"com.netease.onmyoji.huawei/com.netease.onmyoji.Client#0"
254168.306658,254173.040364,6.6,21,3.2,483.111,1.533,2,11,1,1,19,25.03,0,com.netease.onmyoji.huawei,"com.netease.onmyoji.huawei/com.netease.onmyoji.Client#0"
254171.756935,254172.256900,56,28,0.5,33.375,0,0,0,0,0,1,96,0,com.netease.onmyoji.huawei,"com.huawei.hms.game.welcome#0"
254173.040364,254174.041103,32,32,1.001,50.106,0,0,0,2,0,26,71.56,0,com.netease.onmyoji.huawei,"com.netease.onmyoji.huawei/com.netease.onmyoji.Client#0"
254172.256900,254174.741648,60,30,0.5,16.952,1.984,1,0,0,0,4,100,0,com.netease.onmyoji.huawei,"com.huawei.hms.game.welcome#0"
254174.041103,254176.342594,22.8,40,1.751,316.839,0.55,1,3,3,0,39,47.84,0,com.netease.onmyoji.huawei,"com.netease.onmyoji.huawei/com.netease.onmyoji.Client#0"
254176.342594,254177.375673,30,31,1.033,50.048,0,0,0,2,1,28,69.45,0,com.netease.onmyoji.huawei,"com.netease.onmyoji.huawei/com.netease.onmyoji.Client#0"
254177.375673,254178.426673,25.7,27,1.051,116.743,0,0,1,2,1,23,61.83,0,com.netease.onmyoji.huawei,"com.netease.onmyoji.huawei/com.netease.onmyoji.Client#0"
254178.426673,254182.094722,12.8,25,1.951,266.689,1.717,3,10,4,1,22,35.06,0,com.netease.onmyoji.huawei,"com.netease.onmyoji.huawei/com.netease.onmyoji.Client#0"
254182.094722,254184.128907,12.8,26,2.034,300.114,0,0,11,2,0,22,34.69,0,com.netease.onmyoji.huawei,"com.netease.onmyoji.huawei/com.netease.onmyoji.Client#0"
254184.128907,254185.146056,28.5,29,1.017,83.436,0,0,0,5,1,26,67.19,0,com.netease.onmyoji.huawei,"com.netease.onmyoji.huawei/com.netease.onmyoji.Client#0"
254185.146056,254186.163173,26.5,27,1.017,116.737,0,0,1,2,1,24,62.63,0,com.netease.onmyoji.huawei,"com.netease.onmyoji.huawei/com.netease.onmyoji.Client#0"
254186.163173,254187.179725,24.6,25,1.017,116.788,0,0,2,1,4,22,60.17,0,com.netease.onmyoji.huawei,"com.netease.onmyoji.huawei/com.netease.onmyoji.Client#0"
254187.179725,254188.213453,21.3,22,1.034,183.421,0,0,2,4,0,19,50.02,0,com.netease.onmyoji.huawei,"com.netease.onmyoji.huawei/com.netease.onmyoji.Client#0"
254188.213453,254189.213792,30,30,1,50.126,0,0,0,2,0,28,69.53,0,com.netease.onmyoji.huawei,"com.netease.onmyoji.huawei/com.netease.onmyoji.Client#0"
254189.213792,254190.214361,21,21,1.001,250.006,0,0,2,3,0,20,47.05,0,com.netease.onmyoji.huawei,"com.netease.onmyoji.huawei/com.netease.onmyoji.Client#0"
254190.214361,254191.231611,29.5,30,1.017,50.055,0,0,0,2,2,27,68.83,0,com.netease.onmyoji.huawei,"com.netease.onmyoji.huawei/com.netease.onmyoji.Client#0"
254191.231611,254192.248816,27.5,28,1.017,83.53,0,0,0,7,0,21,65.75,0,com.netease.onmyoji.huawei,"com.netease.onmyoji.huawei/com.netease.onmyoji.Client#0"
254192.248816,254193.249326,25,25,1.001,149.994,0,0,2,7,1,16,55.45,0,com.netease.onmyoji.huawei,"com.netease.onmyoji.huawei/com.netease.onmyoji.Client#0"
254193.249326,254194.249880,30,30,1.001,50.016,0,0,0,1,1,29,69.67,0,com.netease.onmyoji.huawei,"com.netease.onmyoji.huawei/com.netease.onmyoji.Client#0"
254194.249880,254195.283722,28.1,29,1.034,66.745,0,0,0,4,0,25,67.13,0,com.netease.onmyoji.huawei,"com.netease.onmyoji.huawei/com.netease.onmyoji.Client#0"
254195.283722,254196.300912,30.5,31,1.017,50.139,0,0,0,6,1,22,69.05,0,com.netease.onmyoji.huawei,"com.netease.onmyoji.huawei/com.netease.onmyoji.Client#0"
254196.300912,254197.318066,29.5,30,1.017,66.759,0,0,0,1,0,30,69.27,0,com.netease.onmyoji.huawei,"com.netease.onmyoji.huawei/com.netease.onmyoji.Client#0"
254197.318066,254198.335193,26.5,27,1.017,116.707,0,0,1,2,1,26,62.64,0,com.netease.onmyoji.huawei,"com.netease.onmyoji.huawei/com.netease.onmyoji.Client#0"
254198.335193,254200.336275,23,46,2.001,366.821,0,0,2,11,2,41,46.21,0,com.netease.onmyoji.huawei,"com.netease.onmyoji.huawei/com.netease.onmyoji.Client#0"
254200.336275,254201.370823,28,29,1.035,66.73,0,0,0,5,0,26,66.79,0,com.netease.onmyoji.huawei,"com.netease.onmyoji.huawei/com.netease.onmyoji.Client#0"
254201.370823,254202.371504,30,30,1.001,50.028,0,0,0,1,0,29,69.77,0,com.netease.onmyoji.huawei,"com.netease.onmyoji.huawei/com.netease.onmyoji.Client#0"
254202.371504,254203.372280,30,30,1.001,33.468,0,0,0,0,0,30,70,0,com.netease.onmyoji.huawei,"com.netease.onmyoji.huawei/com.netease.onmyoji.Client#0"
254203.372280,254204.372942,30,30,1.001,67.948,0,0,0,1,0,27,69.77,0,com.netease.onmyoji.huawei,"com.netease.onmyoji.huawei/com.netease.onmyoji.Client#0"
254204.372942,254205.373768,30,30,1.001,33.44,0,0,0,0,0,28,70,0,com.netease.onmyoji.huawei,"com.netease.onmyoji.huawei/com.netease.onmyoji.Client#0"
254205.373768,254206.407144,30,31,1.033,50.043,0,0,0,1,0,29,69.77,0,com.netease.onmyoji.huawei,"com.netease.onmyoji.huawei/com.netease.onmyoji.Client#0"
254206.407144,254207.407941,29,29,1.001,50.021,0,0,0,1,1,26,68.66,0,com.netease.onmyoji.huawei,"com.netease.onmyoji.huawei/com.netease.onmyoji.Client#0"
254207.407941,254208.408596,30,30,1.001,33.882,0,0,0,0,0,30,70,0,com.netease.onmyoji.huawei,"com.netease.onmyoji.huawei/com.netease.onmyoji.Client#0"
254208.408596,254209.409219,30,30,1.001,33.511,0,0,0,0,0,29,70,0,com.netease.onmyoji.huawei,"com.netease.onmyoji.huawei/com.netease.onmyoji.Client#0"
254209.409219,254210.426407,28.5,29,1.017,83.381,0,0,0,4,0,27,67.53,0,com.netease.onmyoji.huawei,"com.netease.onmyoji.huawei/com.netease.onmyoji.Client#0"
254210.426407,254211.427049,30,30,1.001,33.795,0,0,0,0,0,30,70,0,com.netease.onmyoji.huawei,"com.netease.onmyoji.huawei/com.netease.onmyoji.Client#0"
254211.427049,254212.460999,29,30,1.034,66.859,0,0,0,3,1,28,68.2,0,com.netease.onmyoji.huawei,"com.netease.onmyoji.huawei/com.netease.onmyoji.Client#0"
254212.460999,254213.494922,30,31,1.034,66.699,0,0,0,11,1,23,67.42,0,com.netease.onmyoji.huawei,"com.netease.onmyoji.huawei/com.netease.onmyoji.Client#0"
254213.494922,254214.478809,30.5,30,0.984,50.058,0,0,0,2,0,28,70.03,0,com.netease.onmyoji.huawei,"com.netease.onmyoji.huawei/com.netease.onmyoji.Client#0"
254214.478809,254215.495889,28.5,29,1.017,66.714,0,0,0,2,0,26,68.02,0,com.netease.onmyoji.huawei,"com.netease.onmyoji.huawei/com.netease.onmyoji.Client#0"
254215.495889,254216.496534,31,31,1.001,50.067,0,0,0,2,0,29,70.55,0,com.netease.onmyoji.huawei,"com.netease.onmyoji.huawei/com.netease.onmyoji.Client#0"
254216.496534,254217.514067,29.5,30,1.018,83.329,0,0,0,3,0,27,68.8,0,com.netease.onmyoji.huawei,"com.netease.onmyoji.huawei/com.netease.onmyoji.Client#0"
254217.514067,254218.448003,30,28,0.934,33.769,0,0,0,0,0,28,70,0,com.netease.onmyoji.huawei,"com.netease.onmyoji.huawei/com.netease.onmyoji.Client#0"
254218.448003,254219.548755,28.2,31,1.101,83.353,0,0,0,9,1,25,66.07,0,com.netease.onmyoji.huawei,"com.netease.onmyoji.huawei/com.netease.onmyoji.Client#0"
254219.548755,254220.566030,30.5,31,1.017,49.95,0,0,0,0,1,29,70.4,0,com.netease.onmyoji.huawei,"com.netease.onmyoji.huawei/com.netease.onmyoji.Client#0"
254220.566030,254222.583846,24.8,50,2.018,300.123,0,0,2,5,0,43,50.36,0,com.netease.onmyoji.huawei,"com.netease.onmyoji.huawei/com.netease.onmyoji.Client#0"
254222.583846,254223.601007,30.5,31,1.017,50.368,0,0,0,2,0,26,70.05,0,com.netease.onmyoji.huawei,"com.netease.onmyoji.huawei/com.netease.onmyoji.Client#0"
254223.601007,254224.635268,27.1,28,1.034,116.947,0,0,1,4,0,26,62.84,0,com.netease.onmyoji.huawei,"com.netease.onmyoji.huawei/com.netease.onmyoji.Client#0"
254224.635268,254225.635628,31,31,1,50.092,0,0,0,4,2,26,69.9,0,com.netease.onmyoji.huawei,"com.netease.onmyoji.huawei/com.netease.onmyoji.Client#0"
254225.635628,254226.819661,21.1,25,1.184,250.15,0,0,3,4,1,21,46.66,0,com.netease.onmyoji.huawei,"com.netease.onmyoji.huawei/com.netease.onmyoji.Client#0"
254226.819661,254228.837603,19.8,40,2.018,300.158,0,0,5,8,0,36,43.81,0,com.netease.onmyoji.huawei,"com.netease.onmyoji.huawei/com.netease.onmyoji.Client#0"
254228.837603,254229.854860,29.5,30,1.017,66.688,0,0,0,2,1,28,68.93,0,com.netease.onmyoji.huawei,"com.netease.onmyoji.huawei/com.netease.onmyoji.Client#0"
254229.854860,254230.855983,27,27,1.001,66.985,0,0,0,7,0,20,65.19,0,com.netease.onmyoji.huawei,"com.netease.onmyoji.huawei/com.netease.onmyoji.Client#0"
254230.855983,254231.873519,28.5,29,1.018,100.019,0,0,1,3,0,24,67.43,0,com.netease.onmyoji.huawei,"com.netease.onmyoji.huawei/com.netease.onmyoji.Client#0"
254169.906704,254233.207968,19.5,25,1.284,450.192,62.017,3,2,4,0,14,42.02,1,com.netease.onmyoji.huawei,"com.netease.onmyoji.huawei/com.netease.onmyoji.Client#0"
254141.077977,254233.858522,25.3,27,1.067,166.838,91.713,3,4,3,0,15,55.03,1,com.huawei.android.launcher,"com.huawei.android.launcher/com.huawei.android.launcher.unihome.UniHomeLauncher#0"
254165.039260,254234.875574,39.5,54,1.367,233.497,68.469,1,2,2,1,31,67.38,0,com.huawei.android.launcher,"com.huawei.android.launcher/com.huawei.android.launcher.unihome.UniHomeLauncher#0"
254234.875574,254238.927751,43.8,57,1.301,150.102,2.751,2,3,0,0,10,76.6,0,com.huawei.android.launcher,"com.huawei.android.launcher/com.huawei.android.launcher.unihome.UniHomeLauncher#0"
254238.927751,254239.945169,52.1,53,1.017,49.993,0,0,0,0,1,8,92.04,0,com.huawei.android.launcher,"com.huawei.android.launcher/com.huawei.android.launcher.unihome.UniHomeLauncher#0"
254239.945169,254240.945841,48,48,1.001,100.078,0,0,1,1,0,6,87.63,0,com.huawei.android.launcher,"com.huawei.android.launcher/com.huawei.android.launcher.unihome.UniHomeLauncher#0"
254123.374302,254241.946553,36.5,39,1.067,183.53,117.505,2,2,3,0,6,66.35,0,com.huawei.android.launcher,"com.huawei.intelligent.Workspace#0"
254241.946553,254242.947227,52,52,1.001,116.778,0,0,1,0,0,3,88.93,0,com.huawei.android.launcher,"com.huawei.intelligent.Workspace#0"
254240.945841,254243.981845,18.4,45,2.452,466.858,0.584,1,8,1,0,7,40.75,0,com.huawei.android.launcher,"com.huawei.android.launcher/com.huawei.android.launcher.unihome.UniHomeLauncher#0"
254242.947227,254245.049672,48.2,37,0.768,100.165,1.335,1,1,1,0,6,87.71,0,com.huawei.android.launcher,"com.huawei.intelligent.Workspace#0"
254243.981845,254244.866182,33.9,30,0.884,300.316,0,0,1,1,0,7,59.99,0,com.huawei.android.launcher,"com.huawei.android.launcher/com.huawei.android.launcher.unihome.UniHomeLauncher#0"
254245.049672,254245.867187,57.5,47,0.818,33.359,0,0,0,0,0,3,97.5,0,com.huawei.android.launcher,"com.huawei.intelligent.Workspace#0"
254244.866182,254247.051719,52.2,61,1.168,67.061,1.018,1,0,2,0,10,91.97,0,com.huawei.android.launcher,"com.huawei.android.launcher/com.huawei.android.launcher.unihome.UniHomeLauncher#0"
254247.051719,254248.136121,46.1,50,1.084,116.891,0,0,1,2,0,13,82.73,0,com.huawei.android.launcher,"com.huawei.android.launcher/com.huawei.android.launcher.unihome.UniHomeLauncher#0"
254245.867187,254249.136535,42.7,37,0.867,83.437,2.402,1,0,4,0,12,81.94,0,com.huawei.android.launcher,"com.huawei.intelligent.Workspace#0"
254249.136535,254249.920257,56.1,44,0.784,49.869,0,0,0,0,1,3,96.03,0,com.huawei.android.launcher,"com.huawei.intelligent.Workspace#0"
254248.136121,254250.137176,23,23,1.001,333.586,1,1,2,3,1,6,47.08,0,com.huawei.android.launcher,"com.huawei.android.launcher/com.huawei.android.launcher.unihome.UniHomeLauncher#0"
254250.137176,254251.137786,42,42,1.001,116.823,0,0,2,1,0,6,78.48,0,com.huawei.android.launcher,"com.huawei.android.launcher/com.huawei.android.launcher.unihome.UniHomeLauncher#0"
254251.137786,254252.205170,44,47,1.067,133.417,0,0,2,1,0,6,78.42,0,com.huawei.android.launcher,"com.huawei.android.launcher/com.huawei.android.launcher.unihome.UniHomeLauncher#0"
254249.920257,254253.206595,49.9,45,0.901,66.709,2.385,1,0,1,0,9,89.74,0,com.huawei.android.launcher,"com.huawei.intelligent.Workspace#0"
254253.206595,254253.606930,59.9,24,0.4,16.72,0,0,0,0,0,2,99.9,0,com.huawei.android.launcher,"com.huawei.intelligent.Workspace#0"
254135.426197,254254.557944,40.6,21,0.517,116.709,118.615,12,1,1,0,5,76.93,0,com.huawei.android.launcher,"StatusBar#0"
254252.205170,254255.508569,21,27,1.285,483.748,2.019,2,3,3,0,8,43.25,0,com.huawei.android.launcher,"com.huawei.android.launcher/com.huawei.android.launcher.unihome.UniHomeLauncher#0"
254255.508569,254256.592780,54.4,59,1.084,116.775,0,0,1,0,0,7,91.36,0,com.huawei.android.launcher,"com.huawei.android.launcher/com.huawei.android.launcher.unihome.UniHomeLauncher#0"
254233.858522,254259.361364,21.7,30,1.384,416.967,24.119,5,2,2,0,19,45.36,1,com.huawei.android.launcher,"com.huawei.android.launcher/com.huawei.android.launcher.unihome.UniHomeLauncher#0"
254256.592780,254259.144678,25.3,38,1.501,416.836,1.051,1,4,0,0,17,49.05,0,com.huawei.android.launcher,"com.huawei.android.launcher/com.huawei.android.launcher.unihome.UniHomeLauncher#0"
254259.578127,254260.412430,33.6,28,0.834,116.757,0,0,3,1,0,18,69.41,0,com.qiyi.video,"com.qiyi.video/com.qiyi.video.WelcomeActivity#0"
254259.377987,254260.645981,52.4,21,0.4,50.061,0.868,1,0,1,0,12,92.07,1,com.qiyi.video,"com.qiyi.video/com.qiyi.video.WelcomeActivity#0"
254260.412430,254261.646421,18.6,23,1.234,483.595,0,0,2,1,0,5,41.56,0,com.qiyi.video,"com.qiyi.video/com.qiyi.video.WelcomeActivity#0"
254260.645981,254261.562977,26.2,24,0.917,467.107,0,0,1,1,0,9,49.77,1,com.qiyi.video,"com.qiyi.video/com.qiyi.video.WelcomeActivity#0"
254261.646421,254262.731002,23.1,25,1.085,266.929,0,0,4,2,0,14,48.43,0,com.qiyi.video,"com.qiyi.video/com.qiyi.video.WelcomeActivity#0"
254262.731002,254263.731766,41,41,1.001,250.275,0,0,1,1,0,15,68.58,0,com.qiyi.video,"com.qiyi.video/com.qiyi.video.WelcomeActivity#0"
254263.731766,254264.732567,59,59,1.001,33.352,0,0,0,0,0,16,99,0,com.qiyi.video,"com.qiyi.video/com.qiyi.video.WelcomeActivity#0"
254264.732567,254265.683219,60,57,0.951,16.859,0,0,0,0,0,16,100,0,com.qiyi.video,"com.qiyi.video/com.qiyi.video.WelcomeActivity#0"
254265.683219,254266.417688,28.6,21,0.734,400.743,0,0,1,0,0,8,53.11,0,com.qiyi.video,"com.qiyi.video/com.qiyi.video.WelcomeActivity#0"
254265.699889,254266.567855,35.7,31,0.868,367.116,0,0,1,0,0,11,60.83,0,com.qiyi.video,"com.huawei.android.FloatTasks.views.FloatView#0"
254259.144678,254267.819302,47.2,37,0.784,116.814,7.89,1,1,0,0,31,84.05,0,com.huawei.android.launcher,"com.huawei.android.launcher/com.huawei.android.launcher.unihome.UniHomeLauncher#0"
254139.044125,254269.754001,56.6,34,0.6,33.351,130.109,2,0,0,0,9,96.6,0,com.huawei.android.launcher,"com.huawei.android.FloatTasks.views.FloatView#0"
254267.819302,254274.641000,20.7,37,1.785,350.312,5.036,3,6,1,0,10,44.6,0,com.huawei.android.launcher,"com.huawei.android.launcher/com.huawei.android.launcher.unihome.UniHomeLauncher#0"
254259.361364,254279.161375,43.2,44,1.018,150.124,18.783,5,1,2,0,33,75.98,1,com.huawei.android.launcher,"com.huawei.android.launcher/com.huawei.android.launcher.unihome.UniHomeLauncher#0"
254274.641000,254279.211647,35.4,26,0.734,166.803,3.837,4,2,0,2,14,66.39,0,com.huawei.android.launcher,"com.huawei.android.launcher/com.huawei.android.launcher.unihome.UniHomeLauncher#0"
254279.344941,254280.312380,30,29,0.967,283.72,0,0,3,0,0,26,56.01,0,com.qq.ac.android,"com.qq.ac.android/com.qq.ac.android.view.activity.SplashActivity#0"
254280.912793,254282.531521,36.7,38,1.035,300.808,0.584,1,2,0,0,7,62.82,0,com.qq.ac.android,"com.qq.ac.android/com.qq.ac.android.view.activity.MainActivity#0"
254282.531521,254283.365596,50.4,42,0.834,116.798,0,0,1,1,0,3,87.12,0,com.qq.ac.android,"com.qq.ac.android/com.qq.ac.android.view.activity.MainActivity#0"
254279.211647,254285.702122,33.5,38,1.135,317.096,5.355,1,3,0,0,34,59.02,0,com.huawei.android.launcher,"com.huawei.android.launcher/com.huawei.android.launcher.unihome.UniHomeLauncher#0"
254279.161375,254289.788389,30.5,27,0.884,383.621,9.743,3,1,1,0,20,55.08,1,com.huawei.android.launcher,"com.huawei.android.launcher/com.huawei.android.launcher.unihome.UniHomeLauncher#0"
254285.702122,254290.405620,30.3,53,1.751,450.3,2.952,3,3,1,0,36,54.04,0,com.huawei.android.launcher,"com.huawei.android.launcher/com.huawei.android.launcher.unihome.UniHomeLauncher#0"
254291.856936,254294.542779,47.5,65,1.368,116.818,1.318,2,2,1,0,16,84.21,0,com.comic.manhuatai,"com.comic.manhuatai/com.wbxm.icartoon.ui.GuideActivity#0"
254294.542779,254295.493919,35.7,34,0.951,150.193,0,0,2,1,0,7,68.22,0,com.comic.manhuatai,"com.comic.manhuatai/com.wbxm.icartoon.ui.GuideActivity#0"
254296.011202,254296.561659,43.6,24,0.55,83.37,0,0,0,3,0,11,82.72,0,com.comic.manhuatai,"com.comic.manhuatai/com.comic.manhuatai.MHTMainActivity#1"
254297.145563,254297.495905,59.9,21,0.35,16.834,0,0,0,0,0,4,99.9,0,com.comic.manhuatai,"com.comic.manhuatai/com.comic.manhuatai.MHTMainActivity#2"
254296.561659,254298.596991,27,36,1.335,66.754,0.701,1,0,14,0,19,64.28,0,com.comic.manhuatai,"com.comic.manhuatai/com.comic.manhuatai.MHTMainActivity#1"
254298.596991,254299.597869,21,21,1.001,66.769,0,0,0,11,2,12,57.05,0,com.comic.manhuatai,"com.comic.manhuatai/com.comic.manhuatai.MHTMainActivity#1"
254300.298501,254301.082542,26.8,21,0.784,450.52,0,0,1,0,0,5,50.76,0,com.comic.manhuatai,"com.huawei.android.FloatTasks.views.FloatView#0"
254290.405620,254301.599641,46.9,36,0.767,83.392,10.427,1,0,1,0,20,86.71,0,com.huawei.android.launcher,"com.huawei.android.launcher/com.huawei.android.launcher.unihome.UniHomeLauncher#0"
254300.548689,254300.965827,50.3,21,0.417,50.034,0,0,0,1,0,5,89.97,1,com.comic.manhuatai,"com.huawei.android.FloatTasks.views.FloatView#0"
254269.754001,254304.085082,60,36,0.6,16.803,33.731,2,0,0,0,6,100,0,com.huawei.android.launcher,"com.huawei.android.FloatTasks.views.FloatView#0"
254301.599641,254304.735747,25.1,52,2.069,433.739,1.067,1,5,0,0,15,48.75,0,com.huawei.android.launcher,"com.huawei.android.launcher/com.huawei.android.launcher.unihome.UniHomeLauncher#0"
254304.735747,254305.736751,58.9,59,1.001,33.384,0,0,0,0,0,9,98.9,0,com.huawei.android.launcher,"com.huawei.android.launcher/com.huawei.android.launcher.unihome.UniHomeLauncher#0"
254305.736751,254313.761399,32.8,40,1.218,367.068,6.807,4,3,0,0,13,57.5,0,com.huawei.android.launcher,"com.huawei.android.launcher/com.huawei.android.launcher.unihome.UniHomeLauncher#0"
254231.873519,254232.941164,15.9,17,1.068,266.828,0,0,3,1,0,11,41.22,0,com.netease.onmyoji.huawei,"com.netease.onmyoji.huawei/com.netease.onmyoji.Client#0"
254158.785820,254160.003062,20,12,0.6,200.019,0.617,1,1,4,0,10,46.83,0,com.tencent.qqlive,"SurfaceView - com.tencent.qqlive/com.tencent.qqlive.ona.activity.VideoDetailActivity#0"
254283.732677,254284.400025,30,20,0.667,333.657,0,0,1,0,0,3,55.49,1,com.qq.ac.android,"com.huawei.android.FloatTasks.views.FloatView#0"
254165.622804,254233.274616,30.1,2,0.066,50.049,67.585,1,0,1,0,1,66.6,1,com.netease.onmyoji.huawei,"GestureNavLeft#0"
254143.846460,254161.453964,45.7,16,0.35,100.007,17.257,6,1,0,0,5,85.07,0,com.tencent.qqlive,"StatusBar#0"
254259.528077,254262.464120,12,1,0.083,83.432,2.853,2,0,1,0,0,45,1,com.qiyi.video,"StatusBar#0"
254295.844359,254295.994508,59.9,9,0.15,16.724,0,0,0,0,0,2,99.9,0,com.comic.manhuatai,"com.comic.manhuatai/com.comic.manhuatai.MHTMainActivity#0"
254295.510635,254295.827700,37.8,12,0.317,100.041,0,0,1,0,0,5,76.96,1,com.comic.manhuatai,"com.comic.manhuatai/com.comic.manhuatai.MHTMainActivity#0"
254299.597869,254301.099218,24.9,17,0.684,200.212,0.817,1,1,4,0,11,52.65,0,com.comic.manhuatai,"com.comic.manhuatai/com.comic.manhuatai.MHTMainActivity#1"
254280.312380,254280.829374,3.9,2,0.517,333.619,0,0,2,0,0,1,19.89,0,com.qq.ac.android,"com.qq.ac.android/com.qq.ac.android.view.activity.SplashActivity#0"
254295.543980,254300.748858,42.8,15,0.35,83.447,4.855,3,0,1,0,4,82.33,1,com.comic.manhuatai,"com.comic.manhuatai/com.comic.manhuatai.MHTMainActivity#1"
254260.545833,254266.651272,60,4,0.067,16.708,6.039,1,0,0,0,1,100,1,com.qiyi.video,"com.huawei.android.FloatTasks.views.FloatView#0"
254297.495905,254299.581194,6.7,14,2.085,150.202,0,0,14,0,0,13,30.02,0,com.comic.manhuatai,"com.comic.manhuatai/com.comic.manhuatai.MHTMainActivity#2"
254296.928661,254297.128882,49.9,10,0.2,50.105,0,0,0,1,0,1,89.2,1,com.comic.manhuatai,"com.comic.manhuatai/com.comic.manhuatai.MHTMainActivity#2"
254169.973364,254170.023417,40,2,0.05,33.312,0,0,0,0,0,2,80,1,com.netease.onmyoji.huawei,"com.netease.onmyoji.huawei/com.netease.onmyoji.VideoPlayer#0"
254165.289329,254165.306002,60,1,0.017,16.673,0,0,0,0,0,0,100,1,com.huawei.android.launcher,"Splash Screen com.netease.onmyoji.huawei#0"
254166.123179,254170.823536,60,1,0.017,16.661,4.684,1,0,0,0,0,100,1,com.netease.onmyoji.huawei,"com.huawei.hms.game.circle#0"
254167.439796,254231.389653,7,13,1.651,383.371,62.299,30,7,2,0,9,78.76,0,com.netease.onmyoji.huawei,"StatusBar#0"
254233.241328,254233.291290,20,1,0.05,49.962,0,0,0,0,1,1,57,1,com.netease.onmyoji.huawei,"com.huawei.intelligent.Workspace#0"
254289.788389,254290.755867,48,4,0.083,33.343,0.884,1,0,0,0,2,88,1,com.huawei.android.launcher,"com.huawei.android.launcher/com.huawei.android.launcher.unihome.UniHomeLauncher#0"
254280.929560,254280.946597,58.7,1,0.017,17.037,0,0,0,0,0,2,98.7,1,com.qq.ac.android,"StatusBar#0"
254291.473193,254295.343391,29.2,18,0.617,166.85,3.253,1,2,0,0,12,60.08,1,com.comic.manhuatai,"com.comic.manhuatai/com.wbxm.icartoon.ui.GuideActivity#0"
254165.522838,254165.606188,48,4,0.083,33.353,0,0,0,0,0,4,88,1,com.netease.onmyoji.huawei,"StatusBar#0"
254290.805938,254291.439839,14.2,9,0.634,250.266,0,0,3,0,0,5,38.86,1,com.comic.manhuatai,"com.comic.manhuatai/com.wbxm.icartoon.ui.CoverActivity#0"
254278.594338,254278.611034,59.9,1,0.017,16.696,0,0,0,0,0,1,99.9,1,com.huawei.android.launcher,"Splash Screen com.qq.ac.android#0"
254165.889623,254165.906308,59.9,1,0.017,16.685,0,0,0,0,0,1,99.9,1,com.netease.onmyoji.huawei,"com.netease.onmyoji.huawei/com.netease.onmyoji.Launcher#0"
254130.759192,254278.627636,30,8,0.267,116.77,147.602,5,1,0,0,3,65.88,1,com.huawei.android.launcher,"StatusBar#0"
254130.809207,254287.803570,59.9,2,0.033,16.75,156.961,8,0,0,0,4,99.9,1,com.huawei.android.launcher,"GestureNavRight#0"
254260.362323,254264.465659,15,1,0.067,66.734,4.037,2,0,1,0,0,48,0,com.qiyi.video,"StatusBar#0"
254290.772594,254290.789333,59.7,1,0.017,16.739,0,0,0,0,0,2,99.7,1,com.comic.manhuatai,"GestureNavRight#0"
254291.489943,254300.632116,40,4,0.1,50.034,9.042,4,0,1,0,2,78.25,1,com.comic.manhuatai,"StatusBar#0"
254170.073462,254170.623521,21.8,12,0.55,133.325,0,0,1,2,0,11,54.8,0,com.netease.onmyoji.huawei,"SurfaceView - com.netease.onmyoji.huawei/com.netease.onmyoji.VideoPlayer#0"
254140.561396,254140.594647,60,2,0.033,16.649,0,0,0,0,0,0,100,1,com.huawei.android.launcher,"Splash Screen com.tencent.qqlive#0"
254232.090253,254232.473993,39.1,15,0.384,100.046,0,0,1,1,0,5,77.96,1,com.netease.onmyoji.huawei,"SurfaceView - GestureNavAnim#0"
254170.140117,254170.756781,30,1,0.033,33.335,0.583,1,0,0,0,1,70,0,com.netease.onmyoji.huawei,"com.netease.onmyoji.huawei/com.netease.onmyoji.VideoPlayer#0"
254171.723644,254171.740295,60,1,0.017,16.651,0,0,0,0,0,1,100,1,com.netease.onmyoji.huawei,"com.huawei.hms.game.welcome#0"
254165.956398,254233.224629,59.9,3,0.05,16.694,67.218,1,0,0,0,1,99.9,1,com.netease.onmyoji.huawei,"com.huawei.android.FloatTasks.views.FloatView#0"
254160.986908,254162.454448,59.9,5,0.083,16.735,1.384,1,0,0,0,2,99.9,1,com.tencent.qqlive,"com.huawei.android.FloatTasks.views.FloatView#0"
254147.347619,254152.233230,16.4,3,0.183,150.008,4.702,1,1,0,0,3,46.4,1,com.tencent.qqlive,"com.tencent.qqlive/com.tencent.qqlive.ona.activity.SplashHomeActivity#0"
254162.787966,254300.598731,54,18,0.334,50.031,137.477,4,0,1,0,3,93.61,1,com.huawei.android.launcher,"com.huawei.android.FloatTasks.views.FloatView#0"
254142.978968,254142.995633,60,1,0.017,16.665,0,0,0,0,0,0,100,1,com.tencent.qqlive,"com.tencent.qqlive/com.tencent.qqlive.ona.activity.SplashHomeActivity#1"
254290.906100,254291.406467,8,4,0.5,216.9,0,0,3,0,0,3,81.72,0,com.comic.manhuatai,"com.comic.manhuatai/com.wbxm.icartoon.ui.CoverActivity#0"
254280.963376,254281.196898,60,14,0.234,16.779,0,0,0,0,0,5,100,1,com.qq.ac.android,"com.qq.ac.android/com.qq.ac.android.view.activity.MainActivity#0"
254279.228393,254280.712610,28.2,8,0.283,166.883,1.201,1,1,0,0,3,58.93,1,com.qq.ac.android,"com.qq.ac.android/com.qq.ac.android.view.activity.SplashActivity#0"
254143.312447,254152.449951,12,3,0.25,216.771,8.887,2,1,0,0,0,37.89,1,com.tencent.qqlive,"StatusBar#0"
254165.589462,254165.872995,42.3,12,0.284,100.117,0,0,1,0,0,4,81.44,1,com.netease.onmyoji.huawei,"SurfaceView - com.netease.onmyoji.huawei/com.netease.onmyoji.Launcher#0"
254254.557944,254339.795508,8,8,0.919,200.024,84.319,37,6,1,0,7,81.62,0,com.huawei.android.launcher,"StatusBar#0"
254261.562977,254266.667929,51.4,12,0.234,33.374,4.871,2,0,0,0,1,91.4,1,com.qiyi.video,"com.qiyi.video/com.qiyi.video.WelcomeActivity#0"
254161.820771,254162.354372,60,2,0.033,17.367,0.5,1,0,0,0,1,100,0,com.tencent.qqlive,"com.huawei.android.FloatTasks.views.FloatView#0"
254232.073928,254232.240456,12,2,0.167,99.757,0,0,0,2,0,1,45,0,com.netease.onmyoji.huawei,"SurfaceView - GestureNavAnim#0"
254283.632574,254284.500108,12.7,11,0.868,450.476,0,0,2,0,0,3,35.32,0,com.qq.ac.android,"com.huawei.android.FloatTasks.views.FloatView#0"
254258.527515,254258.544165,60,1,0.017,16.65,0,0,0,0,0,0,100,1,com.huawei.android.launcher,"Splash Screen com.qiyi.video#0"
254313.761399,254339.912271,7,3,0.385,166.902,25.766,20,2,1,0,20,82.98,0,com.huawei.android.launcher,"com.huawei.android.launcher/com.huawei.android.launcher.unihome.UniHomeLauncher#0"
254289.371921,254289.387964,62,1,0.016,16.043,0,0,0,0,0,1,100,1,com.huawei.android.launcher,"Splash Screen com.comic.manhuatai#0"
254135.576348,254233.458121,22.5,3,0.133,83.321,97.748,2,0,1,0,2,60.17,1,com.huawei.android.launcher,"GestureNavBottom#0"
